,Label,candidate,Alt Candidate,Category,Final,Section Name,Section Number,Question Number,Column,Type of Variable,SAS Variable Name,Question Prologue,Question
0,State FIPS Code,n,n,,n,Record Identification,0,1,2-Jan,Num,_STATE,,State FIPS Code
1,File Month,n,n,,n,Record Identification,0,8,17-18,Num,FMONTH,,File Month
2,Interview Date,n,n,,n,Record Identification,0,9,19-26,Char,IDATE,,Interview Date
3,Interview Month,n,n,,n,Record Identification,0,10,19-20,Char,IMONTH,,Interview Month
4,Interview Day,n,n,,n,Record Identification,0,11,21-22,Char,IDAY,,Interview Day
5,Interview Year,n,n,,n,Record Identification,0,12,23-26,Char,IYEAR,,Interview Year
6,Final Disposition,y,n,,n,Record Identification,0,14,32-35,Num,DISPCODE,,Final Disposition
7,Annual Sequence Number,n,n,,n,Record Identification,0,15,36-45,Char,SEQNO,,Annual Sequence Number
8,Primary Sampling Unit,n,n,,n,Record Identification,0,16,36-45,Num,_PSU,,Primary Sampling Unit (Equal to Annual Sequence Number)
9,Correct telephone number?,n,n,,n,Land Line Introduction,0,1,63,Num,CTELENM1,Variable only on the land line survey,Is this: (phone number): ?
10,Private Residence?,n,n,,n,Land Line Introduction,0,2,64,Num,PVTRESD1,Variable only on the land line survey,"Is this a private residence?: [READ ONLY IF NECESSARY: “By private residence, we mean someplace like a house or apartment.”]"
11,Do you live in college housing?,n,n,,n,Land Line Introduction,0,3,65,Num,COLGHOUS,Variable only on the land line survey,Do you live in college housing?
12,Resident of State,n,n,,n,Land Line Introduction,0,4,66,Num,STATERE1,Variable only on the land line survey,Do you currently live in: ____(state)____?
13,Cellular Telephone,n,n,,n,Land Line Introduction,0,5,67,Num,CELPHON1,Variable only on the land line survey,Is this a cell telephone?
14,Are you 18 years of age or older?,n,n,,n,Land Line Introduction,0,6,68,Num,LADULT1,Variable only on the land line survey,Are you 18 years of age or older?
15,Are you male or female?,n,n,,n,Land Line Introduction,0,7,69,Num,COLGSEX1,Variable only on the land line survey,Are you male or female?
16,Number of Adults in Household,n,n,,n,Land Line Introduction,0,8,70-71,Num,NUMADULT,Variable only on the land line survey,"I need to randomly select one adult who lives in your household to be interviewed. Excluding adults living away from home, such as students away at college, how many members of your household, including yourself, are 18 years of age or older?"
17,Are you male or female?,n,n,,n,Land Line Introduction,0,9,72,Num,LANDSEX1,Variable only on the land line survey,Are you male or female?
18,Number of Adult men in Household,n,n,,n,Land Line Introduction,0,10,73-74,Num,NUMMEN,Variable only on the land line survey,How many of these adults are men?
19,Number of Adult women in Household,n,n,,n,Land Line Introduction,0,11,75-76,Num,NUMWOMEN,Variable only on the land line survey,So the number of women in the household is [X]. Is that correct?
20,Respondent selection,n,n,,n,Land Line Introduction,0,12,77,Num,RESPSLCT,,The person in your household that I need to speak with is [XXX]. Are you the [XXX] in this household
21,Safe time to talk,n,n,,n,Cell Phone Introduction,0,1,78,Num,SAFETIME,Variable only on the cell phone survey,Is this a safe time to talk with you?
22,Correct Phone Number?,n,n,,n,Cell Phone Introduction,0,2,79,Num,CTELNUM1,Variable only on the cell phone survey,Is this: (phone number): ?
23,Is this a cell phone?,n,n,,n,Cell Phone Introduction,0,3,80,Num,CELLFON5,Variable only on the cell phone survey,Is this a cell phone?
24,Are you 18 years of age or older?,n,n,,n,Cell Phone Introduction,0,4,81,Num,CADULT1,Variable only on the cell phone survey,Are you 18 years of age or older?
25,Are you male or female?,n,n,,n,Cell Phone Introduction,0,5,82,Num,CELLSEX1,Variable only on the cell phone survey,Are you male or female?
26,Do you live in a private residence?,n,n,,n,Cell Phone Introduction,0,6,83,Num,PVTRESD3,Variable only on the cell phone survey,"Do you live in a private residence?: (By private residence, we mean someplace like a house or apartment.)"
27,Do you live in college housing?,n,n,,n,Cell Phone Introduction,0,7,84,Num,CCLGHOUS,Variable only on the cell phone survey,Do you live in college housing?
28,Do you currently live in,n,n,,n,Cell Phone Introduction,0,8,85,Num,CSTATE1,Variable only on the cell phone survey,Do you currently live in: ____(state)____?
29,Do you also have a landline telephone?,n,n,,n,Cell Phone Introduction,0,10,88,Num,LANDLINE,Variable only on the cell phone survey,Do you also have a landline telephone in your home that is used to make and receive calls?
30,Number of Adults in Household,n,n,,n,Cell Phone Introduction,0,11,89-90,Num,HHADULT,Variable only on the cell phone survey,"How many members of your household, including yourself, are 18 years of age or older?"
31,Sex of Respondent,y,y,Sex,n,Respondent Sex,0,1,91,Num,SEXVAR,,Sex of Respondent
32,General Health,y,y,Health,Y,Health Status,1,1,101,Num,GENHLTH,,Would you say that in general your health is: 
33,Number of Days Physical Health Not Good,y,y,Health,Y,Healthy Days,2,1,102-103,Num,PHYSHLTH,,"Now thinking about your physical health, which includes physical illness and injury, for how many days during the past 30 days was your physical health not good?"
34,Number of Days Mental Health Not Good,y,y,Health,Y,Healthy Days,2,2,104-105,Num,MENTHLTH,,"Now thinking about your mental health, which includes stress, depression, and problems with emotions, for how many days during the past 30 days was your mental health not good?"
35,Poor Physical or Mental Health,y,y,Health,n,Healthy Days,2,3,106-107,Num,POORHLTH,,"During the past 30 days, for about how many days did poor physical or mental health keep you from doing your usual activities, such as self-care, work, or recreation?"
36,What is Primary Source of Health Insurance?,y,y,Health,Y,Health Care Access,3,1,108-109,Num,PRIMINSR,,What is the current primary source of your health insurance?
37,Have Personal Health Care Provider?,y,y,Health,Y,Health Care Access,3,2,110,Num,PERSDOC3,,Do you have one person or a group of doctors that you think of as your personal health care provider?
38,Could Not Afford To See Doctor,y,n,Health,n,Health Care Access,3,3,111,Num,MEDCOST1,,Was there a time in the past 12 months when you needed to see a doctor but could not because you could not afford it?
39,Length of time since last routine checkup,y,n,Health,Y,Health Care Access,3,4,112,Num,CHECKUP1,,About how long has it been since you last visited a doctor for a routine checkup?
40,Exercise in Past 30 Days,y,y,Exercise,Y,Exercise,4,1,113,Num,EXERANY2,,"During the past month, other than your regular job, did you participate in any physical activities or exercises such as running, calisthenics, golf, gardening, or walking for exercise?"
41,How Much Time Do You Sleep,y,y,Sleep,Y,Inadequate Sleep,5,1,114-115,Num,SLEPTIM1,,"On average, how many hours of sleep do you get in a 24-hour period?"
42,Last Visited Dentist or Dental Clinic,n,n,,n,Oral Health,6,1,116,Num,LASTDEN4,,"Including all types of dentists, such as orthodontists, oral surgeons, and all other dental specialists, as well as dental hygienists, how long has it been since you last visited a dentist or a dental clinic for any reason?"
43,Number of Permanent Teeth Removed,n,n,,n,Oral Health,6,2,117,Num,RMVTETH4,,"Not including teeth lost for injury or orthodontics, how many of your permanent teeth have been removed because of tooth decay or gum disease?"
44,Ever Diagnosed with Heart Attack,n,n,,n,Chronic Health Conditions,7,1,118,Num,CVDINFR4,,"(Ever told) you had a heart attack, also called a myocardial infarction?"
45,Ever Diagnosed with Angina or Coronary Heart Disease,n,n,Chronic,Y,Chronic Health Conditions,7,2,119,Num,CVDCRHD4,,(Ever told) (you had) angina or coronary heart disease?
46,Ever Diagnosed with a Stroke,n,n,,n,Chronic Health Conditions,7,3,120,Num,CVDSTRK3,,(Ever told) (you had) a stroke.
47,Ever Told Had Asthma,n,n,,n,Chronic Health Conditions,7,4,121,Num,ASTHMA3,,(Ever told) (you had) asthma?
48,Still Have Asthma,n,n,,n,Chronic Health Conditions,7,5,122,Num,ASTHNOW,,Do you still have asthma?
49,(Ever told) (you had) skin cancer that is not melanoma?,n,n,,n,Chronic Health Conditions,7,6,123,Num,CHCSCNC1,,(Ever told) (you had) skin cancer that is not melanoma?
50,(Ever told) (you had),n,n,,n,Chronic Health Conditions,7,7,124,Num,CHCOCNC1,,(Ever told) (you had) melanoma or any other types of cancer?
51,Ever told you had C.O.P.D. emphysema or chronic bronchitis?,n,n,,n,Chronic Health Conditions,7,8,125,Num,CHCCOPD3,,"(Ever told) (you had) C.O.P.D. (chronic obstructive pulmonary disease), emphysema or chronic bronchitis?"
52,(Ever told) you had a depressive disorder,n,n,Chronic,Y,Chronic Health Conditions,7,9,126,Num,ADDEPEV3,,"(Ever told) (you had) a depressive disorder (including depression, major depression, dysthymia, or minor depression)?"
53,Ever told you have kidney disease?,y,y,Chronic,Y,Chronic Health Conditions,7,10,127,Num,CHCKDNY2,,"Not including kidney stones, bladder infection or incontinence, were you ever told you had kidney disease?"
54,Told Had Arthritis,n,n,,n,Chronic Health Conditions,7,11,128,Num,HAVARTH4,,"(Ever told) (you had) some form of arthritis, rheumatoid arthritis, gout, lupus, or fibromyalgia?: (Arthritis diagnoses include: rheumatism, polymyalgia rheumatica; osteoarthritis (not osteporosis); tendonitis, bursitis, bunion, tennis elbow; carpal tunnel syndrome, tarsal tunnel syndrome; joint infection, etc.)"
55,(Ever told) you had diabetes,y,y,Diabetes,Y,Chronic Health Conditions,7,12,129,Num,DIABETE4,,"(Ever told) (you had) diabetes?: (If ´Yes´ and respondent is female, ask ´Was this only when you were pregnant?´. If Respondent says pre-diabetes or borderline diabetes, use response code 4.)"
56,Marital Status,n,n,Demographics,Y,Demographics,8,5,168,Num,MARITAL,,Are you: (marital status)
57,Education Level,y,y,Demographics,Y,Demographics,8,6,169,Num,EDUCA,,What is the highest grade or year of school you completed?
58,Own or Rent Home,n,n,Demographics,Y,Demographics,8,7,170,Num,RENTHOM1,,Do you own or rent your home?
59,Household Landline Telephones,n,n,,n,Demographics,8,10,179,Num,NUMHHOL4,,"Not including cell phones or numbers used for computers, fax machines or security systems, do you have more than one landline telephone number in your household?"
60,Are You A Veteran,n,n,,n,Demographics,8,13,182,Num,VETERAN3,,"Have you ever served on active duty in the United States Armed Forces, either in the regular military or in a National Guard or military reserve unit?"
61,Employment Status,y,y,Demographics,Y,Demographics,8,14,183,Num,EMPLOY1,,Are you currently…?
62,Number of Children in Household,n,n,,n,Demographics,8,15,184-185,Num,CHILDREN,,How many children less than 18 years of age live in your household?
63,Income Level,y,y,Demographics,Y,Demographics,8,16,186-187,Num,INCOME3,,"Is your annual household income from all sources: (If respondent refuses at any income level, code ´Refused.´)"
64,Pregnancy Status,n,n,,n,Demographics,8,17,188,Num,PREGNANT,,"To your knowledge, are you now pregnant?"
65,Reported Weight in Pounds,y,y,Demographics,Y,Demographics,8,18,189-192,Num,WEIGHT2,,"About how much do you weigh without shoes?: (If respondent answers in metrics, put a 9 in the first column)[Round fractions up.]"
66,Reported Height in Feet and Inches,y,y,,n,Demographics,8,19,193-196,Num,HEIGHT3,,"About how tall are you without shoes?: (If respondent answers in metrics, put a 9 in the first column)[Round fractions down.]"
67,Are you deaf or do you have serious difficulty hearing?,y,y,Disability,Y,Disability,9,1,197,Num,DEAF,,Are you deaf or do you have serious difficulty hearing?
68,Blind or Difficulty seeing,y,y,Disability,Y,Disability,9,2,198,Num,BLIND,,"Are you blind or do you have serious difficulty seeing, even when wearing glasses?"
69,Difficulty Concentrating or Remembering,y,y,,n,Disability,9,3,199,Num,DECIDE,,"Because of a physical, mental, or emotional condition, do you have serious difficulty concentrating, remembering, or making decisions?"
70,Difficulty Walking or Climbing Stairs,y,y,Disability,Y,Disability,9,4,200,Num,DIFFWALK,,Do you have serious difficulty walking or climbing stairs?
71,Difficulty Dressing or Bathing,y,y,,n,Disability,9,5,201,Num,DIFFDRES,,Do you have difficulty dressing or bathing?
72,Difficulty Doing Errands Alone,y,y,,n,Disability,9,6,202,Num,DIFFALON,,"Because of a physical, mental, or emotional condition, do you have difficulty doing errands alone such as visiting a doctor´s office or shopping?"
73,Have You Ever Had a Mammogram,n,n,,n,Breast and Cervical Cancer Screening,10,1,203,Num,HADMAM,,Have you ever had a mammogram?
74,How Long since Last Mammogram,n,n,,n,Breast and Cervical Cancer Screening,10,2,204,Num,HOWLONG,,How long has it been since you had your last mammogram?
75,Have you ever had a cervical cancer screening test?,n,n,,n,Breast and Cervical Cancer Screening,10,3,205,Num,CERVSCRN,,Have you ever had a cervical cancer screening test?
76,Time since last cervical cancer screening test,n,n,,n,Breast and Cervical Cancer Screening,10,4,206,Num,CRVCLCNC,,How long has it been since you had your last cervical cancer screening test?
77,Have a PAP test and recent cervical cancer screening,n,n,,n,Breast and Cervical Cancer Screening,10,5,207,Num,CRVCLPAP,,"At your most recent cervical cancer screening, did you have a Pap test?"
78,Have an H.P.V. test and recent cervical cancer screening,n,n,,n,Breast and Cervical Cancer Screening,10,6,208,Num,CRVCLHPV,,"At your most recent cervical cancer screening, did you have an H.P.V. test?"
79,Had Hysterectomy,n,n,,n,Breast and Cervical Cancer Screening,10,7,209,Num,HADHYST2,,Have you had a hysterectomy?: (A hysterectomy is an operation to remove the uterus (womb).)
80,Ever Had Sigmoidoscopy/Colonoscopy,n,n,,n,Colorectal Cancer Screening,11,1,210,Num,HADSIGM4,,Colonoscopy and sigmoidoscopy are exams to check for colon cancer. Have you ever had either of these exams?
81,"Ever had a colonoscopy, sigmoidoscopy, or both",n,n,,n,Colorectal Cancer Screening,11,2,211,Num,COLNSIGM,,"Have you had a colonoscopy, a sigmoidoscopy, or both?"
82,How long since you had colonoscopy,n,n,,n,Colorectal Cancer Screening,11,3,212,Num,COLNTES1,,How long has it been since your most recent colonoscopy?
83,How long since you had sigmoidoscopy,n,n,,n,Colorectal Cancer Screening,11,4,213,Num,SIGMTES1,,How long has it been since your most recent sigmoidoscopy?
84,Time Since Last Sigmoidoscopy/Colonoscopy,n,n,,n,Colorectal Cancer Screening,11,5,214,Num,LASTSIG4,,How long has it been since your most recent colonoscopy or sigmoidoscopy?
85,Ever had any other kind of test for colorectal cancer,n,n,,n,Colorectal Cancer Screening,11,6,215,Num,COLNCNCR,,"Have you ever had any other kind of test for colorectal cancer, such as virtual colonoscopy, CT colonography, blood stool test, FIT DNA, or Cologuard test?"
86,Ever had a virtual colonoscopy,n,n,,n,Colorectal Cancer Screening,11,7,216,Num,VIRCOLO1,,A virtual colonoscopy uses a series of X-rays to take pictures of inside the colon.: Have you ever had a virtual colonoscopy?
87,How long since you had,n,n,,n,Colorectal Cancer Screening,11,8,217,Num,VCLNTES2,,When was your most recent CT colonography or virtual colonoscopy?
88,Ever had stool test?,n,n,,n,Colorectal Cancer Screening,11,9,218,Num,SMALSTOL,,One stool test uses a special kit to obtain a small amount of stool at home and returns the kit to the doctor or the lab. Have you ever had this test?
89,How long since you had stool test?,n,n,,n,Colorectal Cancer Screening,11,10,219,Num,STOLTEST,,How long has it been since you had this test?
90,Ever had stool DNA test?,n,n,,n,Colorectal Cancer Screening,11,11,220,Num,STOOLDN2,,Another stool test uses a special kit to obtain an entire bowel movement at home and returns the kit to a lab.: Have you ever had this test?
91,Was test part of Cologuard test?,n,n,,n,Colorectal Cancer Screening,11,12,221,Num,BLDSTFIT,,Was the blood stool or FIT (you reported earlier) conducted as part of a Cologuard test?
92,How long since you had stool DNA,n,n,,n,Colorectal Cancer Screening,11,13,222,Num,SDNATES1,,How long has it been since you had this test?
93,Smoked at Least 100 Cigarettes,y,n,smoke,n,Tobacco Use,12,1,223,Num,SMOKE100,,Have you smoked at least 100 cigarettes in your entire life?: [Note: 5 packs = 100 cigarettes]
94,Frequency of Days Now Smoking,y,n,smoke,n,Tobacco Use,12,2,224,Num,SMOKDAY2,,"Do you now smoke cigarettes every day, some days, or not at all?"
95,Use of Smokeless Tobacco Products,y,n,smoke,n,Tobacco Use,12,3,225,Num,USENOW3,,"Do you currently use chewing tobacco, snuff, or snus every day, some days, or not at all?: (Snus (Swedish for snuff) is a moist smokeless tobacco, usually sold in small pouches that are placed under the lip against the gum.)"
96,"Do you now use e-cigarettes, or vaping products every day, some days, or not at all?",y,n,,n,Tobacco Use,12,4,226,Num,ECIGNOW2,,"Would you say you have never used e-cigarettes or other electronic vaping products in your entire life or now use them every day, use them some days, or used them in the past but do not currently use them at all?"
97,How old when you first started smoking?,n,n,smoke,n,Lung Cancer Screening,13,1,227-229,Num,LCSFIRST,,How old were you when you first started to smoke cigarettes regularly
98,How old when you last smoked?,n,n,smoke,n,Lung Cancer Screening,13,2,230-232,Num,LCSLAST,,How old were you when you last smoked cigarettes regularly?
99,"On average, how many cigarettes do you smoke each day?",y,n,smoke,n,Lung Cancer Screening,13,3,233-235,Num,LCSNUMCG,,"On average, when you {smoke/smoked} regularly, about how many cigarettes {do/did} you usually smoke each day?"
100,Did you have a CT or CAT scan?,n,n,,n,Lung Cancer Screening,13,4,236,Num,LCSCTSC1,"The next question is about CT or CAT scans of your chest area. During this test, you lie flat on your back and are moved through an open, donut shaped x-ray machine.",Have you ever had a CT or CAT scan of your chest area?
101,Were any CT or CAT scans done to check for lung cancer?,n,n,,n,Lung Cancer Screening,13,5,237,Num,LCSSCNCR,,Were any of the CT or CAT scans of your chest area done mainly to check or screen for lung cancer?
102,When did you have your most recent CT or CAT scan?,n,n,,n,Lung Cancer Screening,13,6,238,Num,LCSCTWHN,,When did you have your most recent CT or CAT scan of your chest area mainly to check or screen for lung cancer?
103,Days in past 30 had alcoholic beverage,y,n,Alcohol,n,Alcohol Consumption,14,1,239-241,Num,ALCDAY4,,"During the past 30 days, how many days per week or per month did you have at least one drink of any alcoholic beverage?"
104,Avg alcoholic drinks per day in past 30,y,n,,n,Alcohol Consumption,14,2,242-243,Num,AVEDRNK3,,"One drink is equivalent to a 12-ounce beer, a 5-ounce glass of wine, or a drink with one shot of liquor. During the past 30 days, on the days when you drank, about how many drinks did you drink on the average?: (A 40 ounce beer would count as 3 drinks, or a cocktail drink with 2 shots would count as 2 drinks.)"
105,Binge Drinking,y,n,Alcohol,n,Alcohol Consumption,14,3,244-245,Num,DRNK3GE5,,"Considering all types of alcoholic beverages, how many times during the past 30 days did you have 5 or more drinks for men or 4 or more drinks for women on an occasion?"
106,Most drinks on single occasion past 30 days,n,n,Alcohol,n,Alcohol Consumption,14,4,246-247,Num,MAXDRNKS,,"During the past 30 days, what is the largest number of drinks you had on any occasion?"
107,Adult flu shot/spray past 12 mos,y,n,Immunization,Y,Immunization,15,1,248,Num,FLUSHOT7,,"During the past 12 months, have you had either flu vaccine that was sprayed in your nose or flu shot injected into your arm?"
108,When did you receive your most recent seasonal flu shot/spray?,n,n,,n,Immunization,15,2,249-254,Num,FLSHTMY3,,During what month and year did you receive your most recent flu vaccine that was sprayed in your nose or flu shot injected into your arm?
109,Pneumonia shot ever,y,n,,n,Immunization,15,3,255,Num,PNEUVAC4,,Have you ever had a pneumonia shot also known as a pneumococcal vaccine?
110,Received Tetanus Shot Since 2005?,n,n,,n,Immunization,15,4,256,Num,TETANUS1,,"Have you received a tetanus shot in the past 10 years?: (If yes, ask: “Was this Tdap, the tetanus shot that also has pertussis or whooping cough vaccine?”)"
111,Ever tested H.I.V.,n,n,,n,HIV/AIDS,16,1,257,Num,HIVTST7,,"Including fluid testing from your mouth, but not including tests you may have had for blood donation, have you ever been tested for H.I.V?"
112,Month and Year of Last HIV Test,n,n,,n,HIV/AIDS,16,2,258-263,Num,HIVTSTD3,,"Not including blood donations, in what month and year was your last H.I.V. test?: (If response is before January 1985, code ´777777´.)"
113,Do Any High Risk Situations Apply,n,n,,n,HIV/AIDS,16,3,264,Num,HIVRISK5,,"I am going to read you a list. When I am done, please tell me if any of the situations apply to you. You do not need to tell me which one. You have injected any drug other than those prescribed for you in the past year. You have been treated for a sexually transmitted disease or STD in the past year.: You have given or received money or drugs in exchange for sex in the past year."
114,Have you ever been told you tested positive for COVID 19?,y,y,Covid,Y,Long-term COVID Effects,17,1,265,Num,COVIDPOS,,"Has a doctor, nurse, or other health professional ever told you that you tested positive for COVID 19?"
115,Have an 3 month or longer covid symptoms?,y,y,Covid,Y,Long-term COVID Effects,17,2,266,Num,COVIDSMP,,Did you have any symptoms lasting 3 months or longer that you did not have prior to having coronavirus or COVID-19?
116,Which was the primary symptom that you experienced?,y,y,,n,Long-term COVID Effects,17,3,267-268,Num,COVIDPRM,,Which of the following was the primary symptom that you experienced? Was it….
117,When was your last blood test for high blood sugar?,y,y,Diabetes,n,Pre-Diabetes,1,1,269,Num,PDIABTS1,,"When was the last time you had a blood test for high blood sugar or diabetes by a doctor, nurse, or other health professional?"
118,Ever been told by a doctor or other health professional that you have pre-diabetes or borderline diabetes?,y,y,Diabetes,Y,Pre-Diabetes,1,2,270,Num,PREDIAB2,,"Has a doctor or other health professional ever told you that you had prediabetes or borderline diabetes?: (If “Yes” and respondent is female, ask: “Was this only when you were pregnant?”)"
119,What type of diabetes do you have?,y,y,Diabetes,Y,Diabetes,2,1,271,Num,DIABTYPE,,"According to your doctor or other health professional, what type of diabetes do you have?"
120,Now Taking Insulin,y,y,,n,Diabetes,2,2,272,Num,INSULIN1,,Are you now taking insulin?
121,Times Checked for Glycosylated Hemoglobin,y,y,Diabetes,Y,Diabetes,2,3,273-274,Num,CHKHEMO3,,"About how many times in the past 12 months has a doctor, nurse, or other health professional checked you for A-one-C?"
122,Last Eye Exam Where Pupils Were Dilated,y,y,Diabetes,Y,Diabetes,2,4,275,Num,EYEEXAM1,,"When was the last time you had an eye exam in which the pupils were dilated, making you temporarily sensitive to bright light?"
123,When was the last time a they took a photo of the back of your eye?,n,y,Diabetes,Y,Diabetes,2,5,276,Num,DIABEYE1,,"When was the last time a doctor, nurse or other health professional took a photo of the back of your eye with a specialized camera?"
124,When was the last time you took a course or class in how to manage your diabetes?,y,y,Diabetes,n,Diabetes,2,6,277,Num,DIABEDU1,,When was the last time you took a course or class in how to manage your diabetes yourself?
125,Ever Had Feet Sores or Irritations Lasting More Than Four Weeks,y,y,Diabetes,Y,Diabetes,2,7,278,Num,FEETSORE,,Have you ever had any sores or irritations on your feet that took more than four weeks to heal?
126,Told had Chronic Fatigue Syndrome (CFS) or (Myalgic Encephalomyelitis) ME,y,y,,n,ME/CFS,3,1,279,Num,TOLDCFS,,Have you ever been told by a doctor or other health professional that you had Chronic Fatigue Syndrome (CFS) or (Myalgic Encephalomyelitis) ME?
127,Still have Chronic Fatigue Syndrome or Myalgic Encephalomyelitis,y,y,,n,ME/CFS,3,2,280,Num,HAVECFS,,Do you still have Chronic Fatigue Syndrome (CFS) or (Myalgic Encephalomyelitis) ME?
128,How many hours a week are you been able to work,n,n,,n,ME/CFS,3,3,281,Num,WORKCFS,,"Thinking about your CFS or ME, during the past 6 months, how many hours a week on average have you been able to work at a job or business for pay?"
129,Where did you get your last flu shot/vaccine?,y,n,,n,Place of Flu Vaccination,4,1,282-283,Num,IMFVPLA3,,At what kind of place did you get your last flu shot or vaccine?
130,Have you ever had an H.P.V. vaccination?,y,n,Immunization,Y,HPV Vaccination,5,1,284,Num,HPVADVC4,,Have you ever had an H.P.V. vaccination?
131,How many HPV shots did you receive?,y,n,,n,HPV Vaccination,5,2,285-286,Num,HPVADSHT,,How many HPV shots did you receive?
132,Have you ever had the shingles or zoster vaccine?,y,n,Immunization,Y,Shingles Vaccination,6,1,287,Num,SHINGLE2,,Have you ever had the shingles or zoster vaccine?
133,Received at least one COVID-19 vaccination,y,y,Immunization,Y,COVID Vaccination,7,1,288,Num,COVIDVA1,,Have you received at least one dose of a: COVID-19 vaccination?
134,Will you get COVID-19 vaccination?,n,n,,n,COVID Vaccination,7,2,289,Num,COVACGET,,"Would you say you would definitely get a vaccine, probably get a vaccine, probably not get a vaccine, definitely not get a vaccine, or are not sure?"
135,Number of COVID-19 vaccinations received,y,y,Immunization,Y,COVID Vaccination,7,3,290,Num,COVIDNU1,,How many COVID-19 vaccinations have you received?
136,Intend to get COVID-19 vaccination,n,n,,n,COVID Vaccination,7,4,291,Num,COVIDINT,Which of the following best describes your intent to take the recommended COVID vaccinations…,"Would you say you have already received all recommended doses, plan to receive all recommended doses or do not plan to receive all recommended doses?"
137,Month/Year of first COVID-19 vaccination,n,n,,n,COVID Vaccination,7,5,292-297,Num,COVIDFS1,,During what month and year did you receive your (first) COVID-19 vaccination?
138,Month/Year of second COVID-19 vaccination,n,n,,n,COVID Vaccination,7,6,298-303,Num,COVIDSE1,,During what month and year did you receive your second COVID-19 vaccination?
139,Did you have a cough?,n,n,,n,Respiratory Health,8,1,304,Num,COPDCOGH,,"During the past 3 months, did you have a cough on most days?"
140,Did you cough up phlegm?,n,n,,n,Respiratory Health,8,2,305,Num,COPDFLEM,,"During the past 3 months, did you cough up phlegm [FLEM] or mucus on most days?"
141,Did you have shortness of breath?,n,n,,n,Respiratory Health,8,3,306,Num,COPDBRTH,,Do you have shortness of breath either when hurrying on level ground or when walking up a slight hill or stairs?
142,Have you ever been given a breathing test?,n,n,,n,Respiratory Health,8,4,307,Num,COPDBTST,,Have you ever been given a breathing test to diagnose breathing problems?
143,How many years have you smoked tobacco products?,y,n,smoke,Y,Respiratory Health,8,5,308-309,Num,COPDSMOK,,"Over your lifetime, how many years have you smoked tobacco products?"
144,How Many Types of Cancer?,n,n,,n,Cancer Survivorship,9,1,310,Num,CNCRDIFF,,How many different types of cancer have you had?
145,Age Told Had Cancer,n,n,,n,Cancer Survivorship,9,2,311-312,Num,CNCRAGE,,"At what age were you told that you had cancer?: (If Response = 2 (Two) or 3 (Three or more), ask: “At what age was your first diagnosis of cancer?”)"
146,Type of Cancer,n,n,,n,Cancer Survivorship,9,3,313-314,Num,CNCRTYP2,,What kind of cancer is it?
147,Currently Receiving Treatment for Cancer,n,n,,n,Cancer Survivorship,10,1,315,Num,CSRVTRT3,,Are you currently receiving treatment for cancer?
148,What Type of Doctor Provides Majority of Your Care,n,n,Cancer,n,Cancer Survivorship,10,2,316-317,Num,CSRVDOC1,,What type of doctor provides the majority of your health care? Is it a….
149,Did You Receive a Summary of Cancer Treatments Received,n,n,Cancer,n,Cancer Survivorship,10,3,318,Num,CSRVSUM,,"Did any doctor, nurse, or other health professional ever give you a written summary of all the cancer treatments that you received?"
150,Ever Receive Instructions From A Doctor For Follow-Up Check-Ups,n,n,Cancer,n,Cancer Survivorship,10,4,319,Num,CSRVRTRN,,"Have you ever received instructions from a doctor, nurse, or other health professional about where you should return or who you should see for routine cancer check-ups after completing treatment for cancer?"
151,Instructions Written or Printed,n,n,,n,Cancer Survivorship,10,5,320,Num,CSRVINST,,Were these instructions written down or printed on paper for you?
152,Did Health Insurance Pay For All Of Your Cancer Treatment,n,n,Cancer,n,Cancer Survivorship,10,6,321,Num,CSRVINSR,,"With your most recent diagnosis of cancer, did you have health insurance that paid for all or part of your cancer treatment?: (“Health insurance” also includes Medicare, Medicaid, or other types of state health programs.)"
153,Ever Denied Insurance Coverage Because Of Your Cancer?,n,n,Cancer,n,Cancer Survivorship,10,7,322,Num,CSRVDEIN,,Were you ever denied health insurance or life insurance coverage because of your cancer?
154,Participate In Clinical Trial As Part Of Cancer Treatment?,n,n,,n,Cancer Survivorship,10,8,323,Num,CSRVCLIN,,Did you participate in a clinical trial as part of your cancer treatment?
155,Currently Have Physical Pain From Cancer Or Treatment?,n,n,,n,Cancer Survivorship,11,1,324,Num,CSRVPAIN,,Do you currently have physical pain caused by your cancer or cancer treatment?
156,Is Pain Under Control?,n,n,,n,Cancer Survivorship,11,2,325,Num,CSRVCTL2,,Would you say your pain is currently under control…?
157,Ever Had PSA Test,n,n,,n,Prostate Cancer Screening,12,1,326,Num,PSATEST1,,Have you ever had a P.S.A. test?
158,Time Since Most Recent PSA Test,n,n,,n,Prostate Cancer Screening,12,2,327,Num,PSATIME1,,About how long has it been since your most recent P.S.A. test?
159,What was the MAIN reason you had this PSA test?,n,n,,n,Prostate Cancer Screening,12,3,328,Num,PCPSARS2,,What was the main reason you had this P.S.A. test – was it …?
160,Who first suggested this PSA test?,n,n,,n,Prostate Cancer Screening,12,4,329,Num,PSASUGST,,"Who first suggested this PSA test: you, your doctor, or someone else?"
161,Did you talk about the advantages or disadvantages of P.S.A. test,n,n,Cancer,n,Prostate Cancer Screening,12,5,330,Num,PCSTALK1,,"When you met with a doctor, nurse, or other health professional, did they talk about the advantages, the disadvantages, or both advantages and disadvantages of the prostate-specific antigen or P.S.A. test?"
162,Have you experienced confusion or memory loss that is happening more often or is getting worse?,y,y,Cognitive,Y,Cognitive Decline,13,1,331,Num,CIMEMLOS,,"During the past 12 months, have you experienced confusion or memory loss that is happening more often or is getting worse?"
163,Given up day-to-day chores due to confusion or memory loss,y,n,Cognitive,n,Cognitive Decline,13,2,332,Num,CDHOUSE,,"During the past 12 months, as a result of confusion or memory loss, how often have you given up day-to-day household activities or chores you used to do, such as cooking, cleaning, taking medications, driving, or paying bills?"
164,Need assistance with day-to_day activities due to confusion or memory loss,y,n,Cognitive,n,Cognitive Decline,13,3,333,Num,CDASSIST,,"As a result of confusion or memory loss, how often do you need assistance with these day-to-day activities?"
165,When you need help with day-to-day activities are you able to get it,n,n,Cognitive,n,Cognitive Decline,13,4,334,Num,CDHELP,,"When you need help with these day-to-day activities, how often are you able to get the help that you need?"
166,Does confusion or memory loss interfere with work or social activities,y,n,Cognitive,n,Cognitive Decline,13,5,335,Num,CDSOCIAL,,"During the past 12 months, how often has confusion or memory loss interfered with your ability to work, volunteer, or engage in social activities outside the home?"
167,Have you discussed your confusion or memory loss with a health care professional?,n,n,Cognitive,Y,Cognitive Decline,13,6,336,Num,CDDISCUS,,Have you or anyone else discussed your confusion or memory loss with a health care professional?
168,Provided regular care for family or friend,n,n,Caregiver,n,Caregiver,14,1,337,Num,CAREGIV1,,"During the past 30 days, did you provide regular care or assistance to a friend or family member who has a health problem or disability?"
169,Relationship Of Person To Whom You Are Giving Care?,n,n,,n,Caregiver,14,2,338-339,Num,CRGVREL4,,What is his or her relationship to you?
170,How Long Provided Care For Person.,n,n,,n,Caregiver,14,3,340,Num,CRGVLNG1,,For how long have you provided care for that person?
171,How Many Hours Do You Provide Care For Person?,n,n,,n,Caregiver,14,4,341,Num,CRGVHRS1,,"In an average week, how many hours do you provide care or assistance?"
172,"What Is The Major Health Problem, Illness, Disability For Care For Person?",n,n,Caregiver,n,Caregiver,14,5,342-343,Num,CRGVPRB3,,"What is the main health problem, long-term illness, or disability that the person you care for has?"
173,Does Person Being Cared For Have Alzheimer´s Disease?,n,n,,n,Caregiver,14,6,344,Num,CRGVALZD,,"Does the person you care for also have Alzheimer´s disease, dementia or other cognitive impairment disorder?"
174,Managed personal care,n,n,,n,Caregiver,14,7,345,Num,CRGVPER1,,"In the past 30 days, did you provide care for this person by managing personal care such as giving medications, feeding, dressing, or bathing?"
175,Managed household tasks,n,n,,n,Caregiver,14,8,346,Num,CRGVHOU1,,"In the past 30 days, did you provide care for this person by managing household tasks such as cleaning, managing money, or preparing meals?"
176,Do you expect to have a relative you will need to provide care for?,n,n,Caregiver,n,Caregiver,14,9,347,Num,CRGVEXPT,,"In the next 2 years, do you expect to provide care or assistance to a friend or family member who has a health problem or disability?"
177,"Live With Anyone Depressed, Mentally Ill, Or Suicidal?",n,n,,n,Adverse Childhood Experiences,15,1,348,Num,ACEDEPRS,,"Did you live with anyone who was depressed, mentally ill, or suicidal?"
178,Live With a Problem Drinker/Alcoholic?,n,n,Alcohol,n,Adverse Childhood Experiences,15,2,349,Num,ACEDRINK,,Did you live with anyone who was a problem drinker or alcoholic?
179,Live With Anyone Who Used Illegal Drugs or Abused Prescriptions?,n,n,,n,Adverse Childhood Experiences,15,3,350,Num,ACEDRUGS,,Did you live with anyone who used illegal street drugs or who abused prescription medications?
180,Live With Anyone Who Served TIme in Prison or Jail?,n,n,,n,Adverse Childhood Experiences,15,4,351,Num,ACEPRISN,,"Did you live with anyone who served time or was sentenced to serve time in a prison, jail, or other correctional facility?"
181,Were Your Parents Divorced/Seperated?,n,n,,n,Adverse Childhood Experiences,15,5,352,Num,ACEDIVRC,,Were your parents separated or divorced?
182,How Often Did Your Parents Beat Each Other Up?,n,n,,n,Adverse Childhood Experiences,15,6,353,Num,ACEPUNCH,,"How often did your parents or adults in your home ever slap, hit, kick, punch or beat each other up?"
183,How Often Did A Parent Physically Hurt You In Any Way?,n,n,,n,Adverse Childhood Experiences,15,7,354,Num,ACEHURT1,,"Not including spanking, (before age 18), how often did a parent or adult in your home ever hit, beat, kick, or physically hurt you in any way? Was it—"
184,How Often Did A Parent Swear At You?,n,n,,n,Adverse Childhood Experiences,15,8,355,Num,ACESWEAR,,"How often did a parent or adult in your home ever swear at you, insult you, or put you down?"
185,How Often Did Anyone Ever Touch You Sexually?,n,n,,n,Adverse Childhood Experiences,15,9,356,Num,ACETOUCH,,"How often did anyone at least 5 years older than you or an adult, ever touch you sexually?"
186,How Often Did Anyone Make You Touch Them Sexually?,n,n,,n,Adverse Childhood Experiences,15,10,357,Num,ACETTHEM,,"How often did anyone at least 5 years older than you or an adult, try to make you touch them sexually?"
187,How Often Did Anyone Ever Force You to Have Sex?,n,n,,n,Adverse Childhood Experiences,15,11,358,Num,ACEHVSEX,,"How often did anyone at least 5 years older than you or an adult, force you to have sex?"
188,Did an adult make you feel safe and protected,n,n,,n,Adverse Childhood Experiences,15,12,359,Num,ACEADSAF,,"For how much of your childhood was there an adult in your household who made you feel safe and protected? Would you say never, a little of the time, some of the time, most of the time, or all of the time?"
189,Did an adult make sure basic needs were met,n,n,,n,Adverse Childhood Experiences,15,13,360,Num,ACEADNED,,"For how much of your childhood was there an adult in your household who tried hard to make sure your basic needs were met? Would you say never, a little of the time, some of the time, most of the time, or all of the time?"
190,Satisfaction with life,y,n,,n,Social Determinants and Health Equity,16,1,361,Num,LSATISFY,,"In general, how satisfied are you with your life?"
191,How often get emotional support needed,y,n,,n,Social Determinants and Health Equity,16,2,362,Num,EMTSUPRT,,How often do you get the social and emotional support you need?
192,How often do you feel socially isolated from others?,y,n,,n,Social Determinants and Health Equity,16,3,363,Num,SDHISOLT,,How often do you feel socially isolated from others?: Is it…
193,Have you lost employment or had hours reduced?,n,n,,n,Social Determinants and Health Equity,16,4,364,Num,SDHEMPLY,,In the past 12 months have you lost employment or had hours reduced?
194,During the past 12 months have you received food stamps,n,n,,n,Social Determinants and Health Equity,16,5,365,Num,FOODSTMP,,"During the past 12 months, have you received food stamps, also called SNAP, the Supplemental Nutrition Assistance Program on an EBT card?"
195,"How often did the food that you bought not last, and you didn’t have money to get more?",n,n,,n,Social Determinants and Health Equity,16,6,366,Num,SDHFOOD1,,"During the past 12 months how often did the food that you bought not last, and you didn’t have money to get more? Was that…"
196,Were you not able to pay your bills?,n,n,,n,Social Determinants and Health Equity,16,7,367,Num,SDHBILLS,,"During the last 12 months, was there a time when you were not able to pay your mortgage, rent or utility bills?"
197,Were you not able to pay utility bills or threatened to lose service?,n,n,,n,Social Determinants and Health Equity,16,8,368,Num,SDHUTILS,,"During the last 12 months was there a time when an electric, gas, oil, or water company threatened to shut off services?"
198,"Has a lack of reliable transportation kept you from appointments, meetings, work, or getting things needed",n,n,,n,Social Determinants and Health Equity,16,9,369,Num,SDHTRNSP,,"During the past 12 months has a lack of reliable transportation kept you from medical appointments, meetings, work, or from getting things needed for daily living?"
199,How often have you felt this kind of stress?,y,n,,n,Social Determinants and Health Equity,16,10,370,Num,SDHSTRE1,"Stress means a situation in which a person feels tense, restless, nervous, or anxious, or is unable to sleep at night because his/her mind is troubled all the time.","Within the last 30 days, how often have you felt this kind of stress?"
200,"During the past 30 days, on how many days did you use marijuana or hashish?",n,n,,n,Marijuana Use,17,1,371-372,Num,MARIJAN1,,"During the past 30 days, on how many days did you use marijuana or cannabis?"
201,Did you smoke marijuana or cannabis?,n,n,smoke,n,Marijuana Use,17,2,373,Num,MARJSMOK,,"During the past 30 days, did you smoke it (for example, in a joint, bong, pipe, or blunt)?"
202,Did you eat marijuana or cannabis?,n,n,Alcohol,n,Marijuana Use,17,3,374,Num,MARJEAT,,"…eat it or drink it (for example, in brownies, cakes, cookies, or candy, or in tea, cola, or alcohol)?"
203,Did you vape marijuana or cannabis?,n,n,,n,Marijuana Use,17,4,375,Num,MARJVAPE,,"…vaporize it (for example, in an e-cigarette-like vaporizer or another vaporizing device)"
204,Did you dab marijuana or cannabis?,n,n,,n,Marijuana Use,17,5,376,Num,MARJDAB,,"…dab it (for example, using a dabbing rig, knife, or dab pen)?"
205,Did you use marijuana or cannabis some other way?,n,n,,n,Marijuana Use,17,6,377,Num,MARJOTHR,,…use it in some other way?
206,Interval Since Last Smoked,n,n,smoke,n,Tobacco Cessation,18,1,379-380,Num,LASTSMK2,,"How long has it been since you last smoked a cigarette, even one or two puffs?"
207,Stopped Smoking in past 12 months,n,n,,n,Tobacco Cessation,18,2,381,Num,STOPSMK2,,"During the past 12 months, have you stopped smoking for one day or longer because you were trying to quit smoking?"
208,Do you usually smoke menthol cigarettes?,n,n,smoke,n,Other Tobacco Use,19,1,382,Num,MENTCIGS,,"Currently, when you smoke cigarettes, do you usually smoke menthol cigarettes?"
209,Do you usually use menthol e-cigarettes?,n,n,,n,Other Tobacco Use,19,2,383,Num,MENTECIG,,"Currently, when you use e-cigarettes, do you usually use menthol e-cigarettes?"
210,Have you heard of heated tobacco products?,n,n,,n,Other Tobacco Use,19,3,384,Num,HEATTBCO,,"Before today, have you heard of heated tobacco products?"
211,Asked during checkup if you drink alchohol,n,n,Alcohol,n,Alcohol Screening & Brief Intervention (ASBI),20,1,385,Num,ASBIALCH,,"You told me earlier that your last routine checkup was [within the past year/within the past 2 years]. At that checkup, were you asked in person or on a form if you drink alcohol?"
212,Asked in person or by form how much you drink?,n,n,Alcohol,n,Alcohol Screening & Brief Intervention (ASBI),20,2,386,Num,ASBIDRNK,,Did the health care provider ask you in person or on a form how much you drink?
213,Asked whether you drank [5 FOR MEN /4 FOR WOMEN] or more alcoholic drinks on an occasion?,n,n,Alcohol,n,Alcohol Screening & Brief Intervention (ASBI),20,3,387,Num,ASBIBING,,Did the healthcare provider specifically ask whether you drank [5 FOR MEN /4 FOR WOMEN] or more alcoholic drinks on an occasion?
214,Offered advice about what level of drinking is harmful or risky?,n,n,Alcohol,n,Alcohol Screening & Brief Intervention (ASBI),20,4,388,Num,ASBIADVC,,Were you offered advice about what level of drinking is harmful or risky for your health?
215,Were you advised to reduce or quit your drinking?,n,n,,n,Alcohol Screening & Brief Intervention (ASBI),20,5,389,Num,ASBIRDUC,Healthcare providers may also advise patients to drink less for various reasons.,"At your last routine checkup, were you advised to reduce or quit your drinking?"
216,Any Firearms in Home,n,n,,n,Firearm Safety,21,1,390,Num,FIREARM5,,Are any firearms now kept in or around your home?
217,Any Firearms Loaded,n,n,,n,Firearm Safety,21,2,391,Num,GUNLOAD,,Are any of these firearms now loaded?
218,Any Loaded Firearms Also Unlocked,n,n,,n,Firearm Safety,21,3,392,Num,LOADULK2,,Are any of these loaded firearms also unlocked?
219,Gender of child,n,n,,n,Random Child Selection,23,2,599,Num,RCSGEND1,,Is the child a boy or a girl?
220,Child´s sex at birth,n,n,,n,Random Child Selection,23,3,600,Num,RCSXBRTH,,What was the child´s sex on their original birth certificate?
221,Relationship to child,n,n,,n,Random Child Selection,23,7,635,Num,RCSRLTN2,,How are you related to the child?
222,Hlth pro ever said child has asthma,n,n,,n,Childhood Asthma Prevalence,24,1,636,Num,CASTHDX2,,"Has a doctor, nurse or other health professional EVER said that the child has asthma?"
223,Child still have asthma?,n,n,,n,Childhood Asthma Prevalence,24,2,637,Num,CASTHNO2,,Does the child still have asthma?
224,Are you male or female?,y,n,Sex,n,Sex at Birth,25,1,638,Num,BIRTHSEX,,What was your sex at birth? Was it male or female?
225,Sexual orientation,y,n,,n,Sexual Orientation and Gender Identity (SOGI),26,1a,639,Num,SOMALE,,Which of the following best represents how you think of yourself?
226,Sexual orientation,y,n,,n,Sexual Orientation and Gender Identity (SOGI),26,1b,640,Num,SOFEMALE,,Which of the following best represents how you think of yourself?
227,Do you consider yourself to be transgender?,n,n,,n,Sexual Orientation and Gender Identity (SOGI),26,2,641,Num,TRNSGNDR,,"Do you consider yourself to be transgender?: (If yes, ask “Do you consider yourself to be male-to-female, female-to-male, or gender non-conforming?)"
228,Have you have sexual intercourse?,n,n,,n,Family Planning,27,1,642,Num,HADSEX,,"In the past 12 months, did you have sexual intercourse?"
229,Did you do anything to keep from getting pregnant?,n,n,,n,Family Planning,27,2,643,Num,PFPPRVN4,,"The last time you had sexual intercourse, did you or your partner do anything to keep you from getting pregnant?"
230,What did you do to keep you from getting pregnant?,n,n,,n,Family Planning,27,3,644-645,Num,TYPCNTR9,,"The last time you had sexual intercourse, what did you or your partner do to keep you from getting pregnant?"
231,Are You Doing Anything to Keep From Getting Pregnant?,n,n,,n,Family Planning,27,4,646-647,Num,BRTHCNT4,,"The last time you had sexual intercourse, what else, if anything, did you or your partner do to keep you from getting pregnant?"
232,Where did you get what you used to prevent pregnancy?,n,n,,n,Family Planning,27,5,648-649,Num,WHEREGET,,Where did you get the [response from Q3] you used when you last had sexual intercourse?
233,What was main reason for not doing anything to keep you from getting pregnant?,n,n,,n,Family Planning,27,6,650-651,Num,NOBCUSE8,,What was your main reason for not doing anything to prevent pregnancy the last time you had sexual intercourse?
234,What is your preferred birth control method?,n,n,,n,Family Planning,27,7,652-653,Num,BCPREFER,,"If you could use any birth control method you wanted, what method would you use?"
235,How do other people usually classify you in this country?,n,n,,n,Reactions to Race,28,1,654-655,Num,RRCLASS3,,"How do other people usually classify you in this country? Would you say White, Black or African American, Hispanic or Latino, Asian, Native Hawaiian or Other Pacific Islander, American Indian or Alaska Native, or some other group?"
236,How often do you think about your race?,n,n,,n,Reactions to Race,28,2,656,Num,RRCOGNT2,,"How often do you think about your race? Would you say never, once a year, once a month, once a week, once a day, once an hour, or constantly?"
237,"Were you treated worse than, the same, or better than people of other races?",n,n,,n,Reactions to Race,28,3,657,Num,RRTREAT,,"Within the past 12 months, do you feel that in general you were treated worse than, the same as, or better than people of other races?"
238,How do you feel you were treated at work compared to people of other races in past 12 months?,n,n,,n,Reactions to Race,28,4,658,Num,RRATWRK2,,"Within the past 12 months at work, do you feel you were treated worse than, the same as, or better than people of other races?"
239,"When seeking health care past 12 months, was experience worse, same, better than people of other races?",n,n,,n,Reactions to Race,28,5,659,Num,RRHCARE4,,"Within the past 12 months when seeking health care, do you feel your experiences were worse than, the same as, or better than for people of other races?"
240,Times past 30 days felt physical symptoms because of treatment due to your race,n,n,,n,Reactions to Race,28,6,660,Num,RRPHYSM2,,"Within the past 30 days, have you experienced any physical symptoms, for example, a headache, an upset stomach, tensing of your muscles, or a pounding heart, as a result of how you were treated based on your race?"
241,Questionnaire Version Identifier,n,n,,n,Questionnaire Version,1,1,665-666,Num,QSTVER,,Questionnaire Version Identifier
242,Language identifier,n,n,,n,Questionnaire Language,1,1,667-668,Num,QSTLANG,,Language identifier
243,Metropolitan Status,y,n,,n,Urban Rural,1,2,1402,Num,_METSTAT,,Metropolitan Status
244,Urban/Rural Status,y,n,,n,Urban Rural,1,3,1403,Num,_URBSTAT,,Urban/Rural Status
245,Metropolitan Status Code,n,y,Demographics,Y,Weighting Variables,1,2,1409,Num,MSCODE,,Metropolitan Status Code
246,Sample Design Stratification Variable,n,n,,n,Weighting Variables,1,3,1410-1415,Num,_STSTR,,"Sample Design Stratification Variable: (Prior to 2011: _STSTR is a five digit number that combines the values for _STATE (first two characters), _GEOSTR (third and fourth character), and _DENSTR2 (final character).)"
247,Stratum weight,n,n,,n,Weighting Variables,1,4,1416-1425,Num,_STRWT,,Stratum weight: (Number of records in a stratum (NRECSTR) divided by the number of records selected (NRECSEL).)
248,Raw weighting factor used in raking,n,n,,n,Weighting Variables,1,7,1446-1455,Num,_RAWRAKE,,"Raw weighting factor used in raking: (Number of adults in the household (NUMADULT, maximum of 5) divided by the imputed number of phones (_IMPNPH, maximum of 3).)"
249,Design weight use in raking,n,n,,n,Weighting Variables,1,8,1456-1465,Num,_WT2RAKE,,Design weight used in raking: (Stratum weight (_STRWT) multiplied by the raw weighting factor (_RAWRAKE).)
250,Imputed race/ethnicity value,n,n,Demographics,Y,Weighting Variables,1,12,1471-1472,Num,_IMPRACE,,"Imputed race/ethnicity value: (This value is the reported race/ethnicity or an imputed race/ethnicity, if the respondent refused to give a race/ethnicity. The value of the imputed race/ethnicity will be the most common race/ethnicity response for that region of the state)"
251,"Child Hispanic, Latino/a, or Spanish origin calculated variable",n,n,,n,Child Demographic Variables,1,01,1482,Num,_CHISPNC,,"Child Hispanic, Latino/a, or Spanish origin calculated variable"
252,Child Non-Hispanic Race including Multiracial,n,n,,n,Child Demographic Variables,1,04,1539-1540,Num,_CRACE2,,Child multiracial race categorization
253,Preferred Child Race Categories,n,n,,n,Child Demographic Variables,1,05,1541-1542,Num,_CPRACE2,,Preferred Child Race Categories
254,Four level child age,n,n,,n,Child Weighting Variables,1,04,1569,Num,CAGEG,,Four level child age
255,Final child weight,n,n,,n,Child Weighting Variables,1,5,1585-1594,Num,_CLLCPWT,,Final child weight: Land-line and Cell-Phone data: (Raking derived weight)
256,Dual Phone Use Categories,n,n,,n,Weighting Variables,1,2,1682,Num,_DUALUSE,,Dual Phone Use Categories
257,Dual Phone Use Correction Factor,n,n,,n,Weighting Variables,1,3,1683-1692,Num,_DUALCOR,,Dual phone use correction factor
258,Truncated design weight used in adult combined land line and cell phone raking,n,n,,n,Weighting Variables,1,4,1693-1702,Num,_LLCPWT2,,Truncated design weight used in adult combined land line and cell phone raking
259,Final weight,n,n,,n,Weighting Variables,1,21,1751-1760,Num,_LLCPWT,,Final weight assigned to each: respondent: Land-line and cell-phone data: (Raking derived weight)
260,Adults with good or better health,y,y,Health,Y,Calculated Variables,1,1,1899,Num,_RFHLTH,,Adults with good or better health
261,Computed Physical Health Status,y,y,,n,Calculated Variables,2,1,1900,Num,_PHYS14D,,"3 level not good physical health status: 0 days, 1-13 days, 14-30 days"
262,Computed Mental Health Status,y,y,,n,Calculated Variables,2,2,1901,Num,_MENT14D,,"3 level not good mental health status: 0 days, 1-13 days, 14-30 days"
263,Have any health insurance,y,y,Health,Y,Calculated Variables,3,1,1902,Num,_HLTHPLN,,Adults who had some form of health insurance
264,Respondents aged 18-64 with health insurance,n,n,,n,Calculated Variables,3,2,1903,Num,_HCVU652,,Respondents aged 18-64 who have any form of health insurance
265,Leisure Time Physical Activity Calculated Variable,y,y,Exercise,Y,Calculated Variables,4,1,1904,Num,_TOTINDA,,Adults who reported doing physical activity or exercise during the past 30 days other than their regular job
266,Adults aged 18+ that have had permanent teeth extracted,n,n,,n,Calculated Variables,6,1,1905,Num,_EXTETH3,,Adults aged 18+ who have had permanent teeth extracted
267,Adults aged 65+ who have had all their natural teeth extracted,n,n,,n,Calculated Variables,6,2,1906,Num,_ALTETH3,,Adults aged 65+ who have had all their natural teeth extracted
268,"Adults that have visited a dentist, dental hygenist or dental clinic within the past year",n,n,,n,Calculated Variables,6,3,1907,Num,_DENVST3,,"Adults who have visited a dentist, dental hygenist or dental clinic within the past year"
269,Ever had CHD or MI,n,n,Chronic,Y,Calculated Variables,7,1,1908,Num,_MICHD,,Respondents that have ever reported having coronary heart disease (CHD) or myocardial infarction (MI)
270,Lifetime Asthma Calculated Variable,n,n,,n,Calculated Variables,7,2,1909,Num,_LTASTH1,,Adults who have ever been told they have asthma
271,Current Asthma Calculated Variable,n,n,,n,Calculated Variables,7,3,1910,Num,_CASTHM1,,Adults who have been told they currently have asthma
272,Computed Asthma Status,n,n,,n,Calculated Variables,7,4,1911,Num,_ASTHMS1,,Computed asthma status
273,Respondents diagnosed with arthritis,n,n,,n,Calculated Variables,7,5,1912,Num,_DRDXAR2,,Respondents who have had a doctor diagnose them as having some form of arthritis
274,Computed Preferred Race,n,n,Race,Y,Calculated Race Variables,8,3,1969-1970,Num,_PRACE2,,Preferred race category
275,Calculated non-Hispanic Race including multiracial,n,n,Race,n,Calculated Race Variables,8,4,1971-1972,Num,_MRACE2,,Calculated multiracial race categorization
276,"Hispanic, Latino/a, or Spanish origin calculated variable",n,n,Race,n,Calculated Race Variables,8,6,1975,Num,_HISPANC,,"Hispanic, Latino/a, or Spanish origin calculated variable"
277,Computed Race-Ethnicity grouping,n,n,Race,Y,Calculated Race Variables,8,7,1976,Num,_RACE1,,Race/ethnicity categories
278,Create Computed Non-Hispanic Whites/All Others Race Categories Race/Ethnic Group Codes Used In Post-Stratification Variable,n,n,Race,n,Calculated Race Variables,8,8,1977,Num,_RACEG22,,White non-Hispanic race group
279,Computed Five level race/ethnicity category.,n,n,Race,Y,Calculated Race Variables,8,9,1978,Num,_RACEGR4,,Five-level race/ethnicity category
280,Computed race groups used for internet prevalence tables,n,n,Race,n,Calculated Race Variables,8,10,1979,Num,_RACEPR1,,Computed race groups used for internet prevalence tables
281,Calculated sex variable,y,y,Sex,Y,Calculated Variables,8,11,1980,Num,_SEX,,Calculated sex variable
282,Reported age in five-year age categories calculated variable,y,y,Age,Y,Calculated Variables,8,12,1981-1982,Num,_AGEG5YR,,Fourteen-level age category
283,Reported age in two age groups calculated variable,n,y,,n,Calculated Variables,8,13,1983,Num,_AGE65YR,,Two-level age category
284,Imputed Age value collapsed above 80,y,y,Age,Y,Calculated Variables,8,14,1984-1985,Num,_AGE80,,Imputed Age value collapsed above 80
285,Imputed age in six groups,y,y,Age,n,Calculated Variables,8,15,1986,Num,_AGE_G,,Six-level imputed age category
286,Computed Height in Inches,n,n,,n,Calculated Variables,8,16,1987-1989,Num,HTIN4,,Reported height in inches
287,Computed Height in Meters,n,n,,n,Calculated Variables,8,17,1990-1992,Num,HTM4,,Reported height in meters
288,Computed Weight in Kilograms,n,y,Weight,Y,Calculated Variables,8,18,1993-1997,Num,WTKG3,,Reported weight in kilograms
289,Computed body mass index,y,y,BMI,Y,Calculated Variables,8,19,1998-2001,Num,_BMI5,,Body Mass Index (BMI)
290,Computed body mass index categories,y,y,BMI,Y,Calculated Variables,8,20,2002,Num,_BMI5CAT,,Four-categories of Body Mass Index (BMI)
291,Overweight or obese calculated variable,y,y,,n,Calculated Variables,8,21,2003,Num,_RFBMI5,,Adults who have a body mass index greater than 25.00 (Overweight or Obese)
292,Computed number of children in household,n,n,,n,Calculated Variables,8,22,2004,Num,_CHLDCNT,,Number of children in household
293,Computed level of education completed categories,y,y,Demographics,Y,Calculated Variables,8,23,2005,Num,_EDUCAG,,Level of education completed
294,Computed income categories,y,y,Demographics,Y,Calculated Variables,8,24,2006,Num,_INCOMG1,,Income categories
295,Women respondents aged 40+ who have had a mammogram in the past two years,n,n,,n,Calculated Variables,10,1,2007,Num,_RFMAM22,,Women respondents aged 40+ who have had a mammogram in the past two years
296,Women respondents aged 50-74 that have had a mammogram in the past two years,n,n,,n,Calculated Variables,10,2,2008,Num,_MAM5023,,Women respondents aged 50-74 who have had a mammogram in the past two years
297,Had colonoscopy calculated variable,n,n,,n,Calculated Variables,11,1,2009,Num,_HADCOLN,,Had colonoscopy calculated variable
298,Respondents aged 45-75 who have had a colonoscopy within the past ten years,n,n,,n,Calculated Variables,11,2,2010,Num,_CLNSCP1,,Respondents aged 45-75 who have had a colonoscopy within the past ten years
299,Had sigmoidoscopy calculated variable,n,n,,n,Calculated Variables,11,3,2011,Num,_HADSIGM,,Had sigmoidoscopy calculated variable
300,Respondents aged 45-75 who have had a sigmoidoscopy within the past five years,n,n,,n,Calculated Variables,11,4,2012,Num,_SGMSCP1,,Respondents aged 45-75 who have had a sigmoidoscopy within the past five years
301,Respondents aged 45-75 who have had a sigmoidoscopy within the past ten years,n,n,,n,Calculated Variables,11,5,2013,Num,_SGMS101,,Respondents aged 45-75 who have had a sigmoidoscopy within the past ten years
302,Respondents aged 45-75 who have had a stool test within the past year,n,n,,n,Calculated Variables,11,6,2014,Num,_RFBLDS5,,Respondents aged 45-75 who have had a stool test within the past year
303,Respondents aged 45-75 who have had a stool DNA test within the past three years,n,n,,n,Calculated Variables,11,7,2015,Num,_STOLDN1,,Respondents aged 45-75 who have had a stool DNA test within the past three years
304,Respondents aged 45-75 who have had a virtual colonoscopy within the past five years,n,n,,n,Calculated Variables,11,8,2016,Num,_VIRCOL1,,Respondents aged 45-75 who have had a virtual colonoscopy within the past five years
305,Respondents aged 45-75 who have had a sigmoidoscopy within the past ten years and a blood stool test in the past year,n,n,,n,Calculated Variables,11,9,2017,Num,_SBONTI1,,Respondents aged 45-75 who have had a sigmoidoscopy within the past ten years and a blood stool test in the past year
306,Respondents aged 45-75 who have fully met the USPSTF recommendations,n,n,,n,Calculated Variables,11,10,2018,Num,_CRCREC2,,Respondents aged 45-75 who have fully met the USPSTF recommendations
307,Computed Smoking Status,y,y,smoke,Y,Calculated Variables,12,1,2019,Num,_SMOKER3,,"Four-level smoker status: Everyday smoker, Someday smoker, Former smoker, Non-smoker"
308,Current Smoking Calculated Variable,y,y,smoke,Y,Calculated Variables,12,2,2020,Num,_RFSMOK3,,Adults who are current smokers
309,Current E-cigarette User Calculated Variable,y,y,smoke,Y,Calculated Variables,12,3,2021,Num,_CURECI2,,Adults who are current e-cigarette users
310,Number of years smoked cigarettes,y,y,smoke,n,Calculated Variables,13,1,2022-2024,Num,_YRSSMOK,,Number of years respondent smoked cigarettes
311,Number of packs of cigarettes smoked per day,y,y,smoke,n,Calculated Variables,13,2,2025-2029,Num,_PACKDAY,,Number of packs of cigarettes smoked per day
312,Years smoked reported packs per day,y,y,smoke,n,Calculated Variables,13,3,2030-2033,Num,_PACKYRS,,Number of years smoked reported number of packs per day
313,Number of years since quit smoking cigarettes,n,n,smoke,n,Calculated Variables,13,4,2034-2035,Num,_YRSQUIT,,Number of years since quit smoking cigarettes
314,Smoking Group,y,y,smoke,Y,Calculated Variables,13,5,2036,Num,_SMOKGRP,,Smoking Group
315,Lung cancer screening recommendation status,n,n,smoke,n,Calculated Variables,13,6,2037,Num,_LCSREC,,Lung cancer screening recommendation status
316,Drink any alcoholic beverages in past 30 days,y,y,Alcohol,n,Calculated Variables,14,1,2038,Num,DRNKANY6,,Adults who reported having had at least one drink of alcohol in the past 30 days.
317,Computed drink-occasions-per-day,y,y,,n,Calculated Variables,14,2,2039-2041,Num,DROCDY4_,,Drink-occasions-per-day
318,Binge Drinking Calculated Variable,n,n,,n,Calculated Variables,14,3,2042,Num,_RFBING6,,"Binge drinkers (males having five or more drinks on one occasion, females having four or more drinks on one occasion)"
319,Computed number of drinks of alcohol beverages per week,y,y,Alcohol,Y,Calculated Variables,14,4,2043-2047,Num,_DRNKWK2,,Calculated total number of alcoholic beverages consumed per week
320,Heavy Alcohol Consumption,y,y,,n,Calculated Variables,14,5,2048,Num,_RFDRHV8,,Heavy drinkers (adult men having more than 14 drinks per week and adult women having more than 7 drinks per week)
321,Flu Shot Calculated Variable,y,n,Immunization,n,Calculated Variables,15,1,2049,Num,_FLSHOT7,,Adults aged 65+ who have had a flu shot within the past year
322,Pneumonia Vaccination Calculated Variable,y,n,Immunization,n,Calculated Variables,15,2,2050,Num,_PNEUMO3,,Adults aged 65+ who have ever had a pneumonia vaccination
323,Ever been tested for HIV calculated variable,n,n,,n,Calculated Variables,16,1,2051,Num,_AIDTST4,,Adults who have ever been tested for HIV
